Name,Team,Number,Age,Height,Collage,Salary
Lyle,3Kc-00,36,74,5,39c-59,8
Ralf,28e-99,62,10,6,UGN-55,71
Heriberto,OIp-30,35,86,7,meO-10,69
Charles,0Bi-43,80,3,7,HsR-30,58
Herschel,Xpr-95,16,69,5,Wgx-57,48
Darren,jGs-76,66,18,4,OL9-04,43
Nat,YXG-19,34,31,4,WTI-56,30
Jayme,c2e-79,72,8,5,uJd-90,16
Frasco,Z1l-34,17,80,7,vpH-00,14
Jesse,TTU-08,49,3,7,EeF-85,3
Garner,EDu-97,67,60,5,oBL-16,88
Gaylord,4p2-01,68,11,6,jL2-00,11
Darin,87c-63,72,99,6,pRk-46,49
Nowell,s9l-94,86,12,4,X2n-19,75
Crichton,aRW-14,75,36,5,JG1-93,50
Benoit,yXR-65,28,66,7,tnQ-28,8
Benedikt,6rE-18,88,51,6,MsK-51,39
Josiah,LU6-83,55,34,5,GZo-45,81
Allyn,f6j-98,72,69,7,6rt-16,15
Shep,zuD-78,36,29,7,uuy-96,91
Angel,YdA-88,28,19,4,jPL-01,86
D'arcy,bEY-39,71,46,4,3nD-03,78
Aloin,kCA-13,69,39,4,fWm-69,80
Royce,GV4-36,17,46,5,Q4z-99,14
Waldon,jw7-86,30,64,4,dC2-20,89
Odell,BsC-26,59,39,6,ZxN-52,74
Palmer,NV9-42,79,100,5,QHu-84,72
Johnathan,Gnj-60,31,8,4,VbK-94,7
Clarance,34E-85,84,6,4,3jI-71,85
Trevar,biJ-30,83,58,6,fbt-53,2
Johnny,Coy-40,7,54,4,a5b-41,70
Terrill,Ez3-12,52,20,6,3iO-00,71
Koenraad,YTO-59,21,8,6,TLD-94,81
Hastie,izd-01,53,55,5,PkS-30,73
Darwin,wfH-97,22,72,5,qQw-75,33
Claudian,10e-96,22,47,7,3Ns-49,97
Briano,OZ5-32,16,34,5,fuW-25,62
Grantham,V4C-09,78,64,7,ZID-24,15
Rice,Rtf-63,21,27,4,1ac-34,26
Harrison,QUL-05,55,56,6,VJe-00,16
Felizio,9Zc-30,83,64,6,AT8-35,31
Clarke,EZA-41,37,40,6,Qac-12,61
Saw,zwe-60,45,54,4,sOh-56,7
Tomaso,N1q-72,33,92,5,Q5T-35,40
Kippar,k88-29,30,40,6,FGp-47,21
Wyatt,1Uh-74,47,99,6,zqM-32,64
Stanton,j56-37,69,82,7,xfM-36,81
Iago,sWi-49,81,29,5,U4K-02,89
Orren,84H-66,48,38,5,Eh1-09,88
Farrell,bA7-31,17,42,5,TFY-00,14
Foster,ERV-20,12,86,4,QVv-02,83
Sherwynd,FpO-24,43,36,6,GOz-46,34
Lyon,lJq-03,54,28,5,UHm-46,72
Rufe,cGA-06,3,50,5,KhP-66,37
Jacky,vkk-33,44,38,5,neA-25,68
Bentley,s5G-15,7,77,7,QkI-53,55
Baird,cQJ-82,45,91,4,n7W-41,1
Marlin,PkF-40,46,74,7,GKZ-63,59
Timmie,SOy-11,79,96,7,Vph-39,17
Hastie,155-05,56,45,4,duU-26,23
Randall,a0t-32,99,58,4,Un2-50,74
Kerk,XQX-69,58,22,5,aMe-05,66
Elsworth,d0D-15,39,46,6,edG-19,47
Erasmus,Qgp-34,63,32,7,Pq3-19,27
Rickie,oYu-02,7,78,4,0oo-34,27
Leonard,94L-75,9,28,6,oWN-83,21
Olly,Bi3-24,18,87,5,b9S-06,76
Mano,TLr-25,59,95,4,h6T-46,92
Leland,SNV-80,28,16,7,Qz8-86,16
Marcelo,6Tk-41,8,69,7,7Pb-75,64
Griz,Vu0-96,87,14,6,Nwf-82,82
Galven,PBs-00,51,36,4,K8u-27,93
Teador,D1G-45,8,61,6,QJG-18,49
Ernst,u5i-63,3,90,7,OCm-00,34
Ruddy,GtJ-39,30,97,4,5wO-15,66
Steffen,ydN-55,27,89,4,Hck-18,29
Luther,MPq-34,46,89,7,Olb-59,75
Carney,aei-36,33,30,6,Hhw-97,33
Jory,Lbj-61,1,44,7,QEE-42,94
Manfred,voH-61,56,60,4,N4V-10,73
Jocko,aiM-74,73,22,5,poR-43,50
Kerry,JSU-92,1,35,6,HSL-24,54
Etienne,9Z3-53,59,93,4,zkR-31,22
Brennen,ike-09,26,42,5,PjY-31,25
Godard,Aic-86,41,66,6,FJZ-68,17
Godwin,AEx-38,92,95,6,37Y-71,72
Hersch,8sH-12,93,6,4,MaP-51,8
Ferd,Twv-52,40,31,7,21p-31,14
Rudolph,ePa-53,52,20,6,MpP-30,23
Durant,4zY-89,19,38,7,g0c-49,74
Kinsley,DvD-10,84,36,4,QL0-34,63
Aland,3kl-75,10,34,6,Ubk-88,78
Dal,DWc-01,27,88,4,5E1-21,42
Graeme,3uE-90,97,60,7,LvX-78,16
Paton,JG6-18,15,81,5,3xx-41,43
Bryant,TGu-73,48,4,7,IY4-10,47
Ernesto,7UY-13,22,81,7,fG5-72,43
Jerad,zrM-87,67,63,6,iIk-86,20
Darnall,JZr-70,8,17,6,rum-05,27
Gerry,H3e-57,50,5,4,ans-62,8
Paten,mi7-89,18,90,5,RPB-85,41
Knox,26X-59,1,5,5,6dS-93,56
Rochester,hxC-08,54,64,6,iSM-99,98
Jeth,jrt-78,22,3,6,kg6-11,79
Hillyer,gzx-53,11,50,7,R8w-03,55
Alphonso,ITP-35,46,98,4,Gl5-52,71
Wyn,vk0-70,74,90,4,CKy-11,77
Fleming,he6-15,65,80,5,S6Y-13,81
Gherardo,erq-18,57,17,5,k7m-89,32
Franny,k2K-63,64,68,5,I2M-55,87
Ernie,MaZ-17,49,1,7,yoI-92,64
Ernst,iTw-81,73,6,4,d8Y-32,52
Bob,8px-34,5,15,7,9gR-56,74
Barnie,qv1-54,29,57,7,ONG-31,21
Rosco,0d5-31,69,89,6,cXu-71,28
Corby,y8P-79,84,2,7,gK9-88,15
Gage,ouj-56,71,69,4,4fa-75,67
Othello,fcc-12,49,85,4,CwR-27,78
Burton,nSJ-59,43,13,4,Pnd-15,13
Ron,YKJ-50,62,56,5,skO-61,16
Lem,lxo-43,14,85,6,qHj-92,4
Herb,jsX-29,26,22,6,346-54,66
Moore,7ir-46,55,99,6,dZ9-66,34
Germayne,BVV-86,93,28,6,ivp-28,45
Remus,0Cy-82,46,1,6,UGd-26,11
Kris,y5T-97,55,74,4,N5m-60,75
Maxy,1IA-76,45,36,5,cCE-37,33
Merell,Sfp-65,85,67,6,g3C-26,44
Elwin,lq6-97,60,53,7,yUV-33,16
Carleton,DCT-67,15,19,6,0Bv-28,77
Graig,Ua3-54,57,5,5,fan-75,22
Elmo,0It-48,94,47,7,ofF-89,32
Nealon,24I-96,81,45,6,GfH-35,63
David,KCS-26,86,98,6,ryL-73,95
Obidiah,O7s-12,49,47,7,Pl0-28,82
Levon,65V-80,55,76,7,Ube-52,91
Bjorn,9T3-59,18,36,6,yao-96,58
Gabriel,Ut8-16,13,42,6,on3-90,86
Traver,Jb8-11,98,55,7,Y4R-29,32
Clemens,B2i-32,30,16,6,fvU-58,37
Randi,Cm3-99,24,26,4,PVo-38,36
Abey,JCq-82,89,43,4,Glm-53,47
Thomas,QCe-45,64,40,5,dRb-83,19
Cecilio,Gzp-27,58,51,6,gdE-48,97
Jozef,EPG-05,18,41,6,9ZU-40,97
Richardo,mCX-03,98,57,4,jce-92,15
Godfry,s6t-23,21,79,4,ySe-13,7
Norby,kG8-11,31,26,4,B0l-00,91
Gerhardt,NXh-50,46,11,4,5Po-97,68
Derby,4Zw-03,1,22,7,8eC-52,20
Gaylord,aj6-33,6,87,4,MXA-07,44
Lorenzo,hsR-02,53,100,5,IQT-56,4
Ax,bWZ-90,93,44,7,rBy-65,36
Terencio,cMk-19,21,82,6,N4d-56,99
Alfonso,fq5-54,56,98,7,pt4-30,93
Mic,MwJ-08,16,52,5,CFc-50,97
Lorne,xrV-32,32,28,5,CtZ-26,94
Vernor,cWL-08,15,88,4,UTk-01,62
Raimundo,jzH-67,39,19,6,G3x-31,2
Ignaz,Ndc-81,3,96,5,b0k-88,65
Skipper,9Qc-50,7,54,5,pl7-34,54
Guthrie,xHN-15,75,24,4,lKB-72,96
Earvin,FJP-71,88,45,7,Vc7-31,65
Kelsey,wxC-09,61,70,7,ZPM-48,67
Reg,2Vo-06,75,72,6,klB-06,79
Nathanael,5Gq-45,65,68,4,KmW-62,48
Krishna,wJH-95,92,38,7,d6D-47,81
Bear,vop-06,18,66,7,zCJ-07,83
Michael,hIH-33,94,86,4,PCK-60,57
Berti,xw5-09,92,92,7,oOS-02,68
Saleem,Ymm-49,14,31,7,uJD-87,43
Kinnie,PkB-42,59,34,7,XXr-19,76
Bogart,rvA-38,86,71,6,nCe-07,8
Etan,MtW-22,13,88,6,w8B-66,99
Byrom,HIJ-63,26,4,5,7F0-14,40
Killian,gOO-98,29,83,4,K3S-84,66
Neils,lo1-31,94,72,7,Dks-61,29
Cole,Ntr-20,18,25,6,tkB-80,34
Cristian,DgO-12,13,17,6,YwO-33,69
Gardy,GhN-32,42,63,5,KbL-28,7
Reinald,idT-10,19,70,4,gyj-01,43
Winston,iez-91,42,82,5,fHg-51,83
Bernardo,j8B-58,15,39,6,P9Y-99,8
Thurstan,Mwo-80,81,30,5,Cfz-07,19
Roddie,zYs-07,63,47,5,x3p-93,87
Antons,ZOL-39,27,53,4,wM2-22,13
Arri,tdv-83,21,30,5,7ln-03,46
Kristo,mqG-16,40,53,5,lWg-30,9
Avery,cYD-58,98,21,6,3ZP-95,60
Gawen,q1E-06,100,44,7,s1h-94,8
Parry,iiK-20,56,99,5,tBB-22,50
Nicolas,KfG-70,61,61,6,Xys-71,17
Edward,ih5-27,78,10,5,7Wl-51,39
Reider,QJ3-84,95,81,7,0SL-46,62
Jerrie,fIg-23,98,61,6,nqD-09,81
Worth,jQu-11,41,3,5,5AY-66,98
Wainwright,4eu-19,7,86,7,KYP-26,59
Pinchas,Ikz-80,55,49,7,0KM-53,29
Mikel,CR8-42,74,40,5,NmG-81,51
Bram,s95-59,11,76,7,Qr9-45,72
Ashton,hYn-37,44,7,6,mWf-59,32
Vittorio,Q38-17,66,10,6,0YS-22,64
Lowe,egh-47,12,61,6,ZKe-20,23
Jervis,tVc-66,91,39,4,N4s-16,85
Wilmar,jTm-79,39,17,7,V0W-24,4
Balduin,71P-59,7,23,5,UlL-48,4
Levi,HPe-69,46,1,4,wzk-27,2
Angelico,1IS-04,66,7,6,ovA-69,59
Gunar,6MP-07,97,51,4,C5z-25,56
Ari,GAN-29,20,71,7,1M9-40,12
Donal,ksi-75,53,98,6,1SB-82,61
Tracy,YYa-13,11,25,5,WIw-83,100
Emile,GCW-72,71,66,6,3lQ-16,82
Adham,PR9-74,39,27,5,kbC-00,90
Del,0da-05,55,12,4,kmv-11,6
Tammy,jG3-04,27,10,4,im0-73,77
Christophe,Vw3-21,67,4,5,56k-60,32
Fitz,O35-82,8,43,6,wMV-89,36
Rudyard,AVp-18,30,33,5,8p0-78,31
Dan,fcO-27,7,68,5,o0R-41,85
Aksel,M4O-72,20,77,5,uGo-16,79
Fons,aUy-80,61,99,4,sxc-06,50
Morly,aE6-64,44,100,6,RXZ-40,52
Steward,PtM-11,7,36,5,8MD-39,81
Dalli,4a0-80,6,93,5,56H-44,94
Caspar,erH-92,81,73,7,zps-16,58
Washington,4uE-40,77,23,6,owM-48,29
Jule,EJH-30,88,9,5,70t-29,69
Will,rmv-85,93,15,6,rU9-53,89
Woody,nN0-13,16,79,5,qAU-76,4
Sebastien,KlK-30,10,75,5,Nq9-45,64
Korey,OCk-22,78,87,6,5UJ-59,87
Benedict,GQI-55,71,66,5,ESQ-12,27
Martie,v8X-54,22,64,5,3P1-25,96
Christopher,BbO-91,71,80,5,Ju9-56,81
Skip,UnU-82,13,91,5,Bgj-23,21
Rob,Ylf-09,32,97,7,1oy-85,30
Dillon,zyT-77,24,2,5,Ets-39,51
Berkley,ImB-61,70,91,7,pPo-37,84
Javier,5ck-50,81,27,4,8HT-99,42
Godfry,sU1-99,84,20,7,8lC-14,7
Dwain,iJ0-62,2,6,4,9L4-55,29
Ansel,ou8-79,60,10,4,XhG-19,80
Jarred,Rlu-90,50,69,4,9CT-24,48
Araldo,LZ1-60,13,66,7,o7h-28,62
Pincus,nrp-27,55,85,6,wSp-87,91
Ingar,3Yt-98,48,37,7,1rl-58,99
Chan,yG6-72,99,31,4,QBX-83,83
Dru,MvC-45,7,51,6,vlO-43,27
Durante,pMI-37,71,84,7,G4q-61,54
Ezekiel,yBp-39,18,32,6,RSn-31,3
Keen,xRg-02,36,47,4,W0N-41,95
Roosevelt,VOZ-04,85,24,5,xQF-85,30
Lindsay,ppm-65,62,84,4,e35-81,36
Ambrosi,HV2-10,27,10,4,51P-48,54
Alaster,1tC-19,17,48,6,sK5-55,37
Walther,jMf-27,49,67,4,u8F-81,40
Clive,lS4-84,16,57,5,q5H-66,58
Ingelbert,RPW-94,28,7,6,kA7-33,92
Vittorio,Dez-92,80,67,7,Gz6-13,33
Cesare,bTp-83,100,7,6,QJY-06,51
Boot,E75-80,25,58,7,Vgz-56,28
Shaughn,3ZY-40,72,57,5,wcb-90,45
Ronald,UEF-99,28,48,7,MPv-68,6
Hayden,qLU-85,8,76,6,EF3-11,95
Jake,W3n-60,46,9,6,Dvj-46,20
Berkley,KZ3-23,39,91,6,Wl3-57,79
Ximenes,o40-63,38,29,5,S2p-69,91
Winslow,JB7-50,31,73,7,M3G-14,34
Larry,rT7-16,96,42,7,UuD-64,88
Caddric,lui-11,88,14,4,WtY-80,94
Wade,ESN-68,63,29,5,EC0-57,3
Yehudit,bzl-66,11,69,5,Bze-66,7
Morty,NSL-08,39,88,6,LrE-85,44
Martin,Z7d-01,36,15,4,YQ9-99,16
Konstantine,a2o-47,28,4,7,jc2-79,51
Brodie,9OC-40,48,54,5,0hm-80,12
Hiram,yFV-89,15,77,5,p7R-70,47
Izzy,ifJ-01,74,69,5,19z-27,31
Paxon,CFF-34,31,24,6,Qcp-24,8
Darnall,NyX-32,20,64,4,tNh-94,42
Ansel,Atf-68,64,15,4,vZp-97,64
Solly,Fch-46,51,80,5,o53-26,43
Clyve,4la-81,82,23,5,KdU-44,90
Torin,K7t-05,25,5,4,0oA-21,33
Bevan,WHI-02,87,13,7,TbO-36,14
Abba,ggD-63,63,80,6,xnb-38,44
Eward,1OP-63,29,39,5,0ec-73,1
Wallie,cyI-65,33,77,4,1Ne-86,52
Geordie,8Ey-90,51,83,6,5Pj-12,38
Correy,XKK-77,11,81,5,eNi-81,64
Nikos,lKH-31,97,2,7,QrK-17,54
Heindrick,kqS-74,28,33,5,47S-48,90
Jamaal,SIi-02,57,1,7,VSy-22,54
Josias,FxQ-13,65,36,5,fSo-26,12
Brien,nVv-66,54,62,7,Y5u-38,46
Alvin,h1M-92,63,96,6,Alu-60,69
Brooks,vvz-37,47,15,7,4Xt-74,25
Reinhard,kgg-37,14,78,7,f0X-31,83
Gard,MGX-66,99,55,6,DPC-99,71
Wainwright,bPF-83,18,57,7,CQc-22,48
Normie,UMk-50,11,98,4,2rt-41,70
Dennison,2zI-06,3,13,5,ffe-39,82
Cirilo,Vg2-77,84,90,6,v6X-37,29
Wake,tla-81,45,56,4,tV1-20,73
Urbano,pOL-60,89,12,6,4wq-99,48
Khalil,r56-73,91,80,6,rsO-70,100
Osmund,aNn-72,84,38,6,OKh-49,88
Barde,ppx-32,17,44,7,LOQ-55,93
Neil,sfW-21,58,6,5,cfe-05,32
Francis,r4Y-52,100,21,4,Ljr-19,24
Beck,3dX-91,4,35,4,UXe-07,43
Son,zrh-47,52,40,4,C4m-43,5
Windham,qBy-80,41,4,4,nfg-81,91
Moss,VtP-02,50,2,5,l9N-83,97
Charlton,UGA-27,86,64,4,dZc-41,11
Haleigh,j9d-90,82,90,4,dCh-33,75
Taddeo,2FE-45,86,84,5,sEw-63,15
Eduard,YA6-63,76,15,6,DdZ-97,89
Matthias,QMH-62,98,25,7,q3Q-82,72
Brendan,rdJ-13,82,97,5,pWj-95,91
Felic,1D2-38,81,22,4,ycO-22,12
Morley,3Mi-00,100,59,4,C5g-23,45
Hobard,qLM-60,71,82,5,Cvp-15,38
Godfrey,8J7-91,92,88,5,LEP-79,81
Chaddie,QAk-04,77,64,6,HmJ-02,75
Wallis,H79-10,74,67,7,mne-75,15
Damiano,hiF-30,51,19,4,QhE-25,88
Conny,mld-78,79,24,5,NfQ-75,82
Hughie,ODO-26,88,34,5,gHO-02,11
Lek,NXy-21,84,13,4,OKJ-88,34
Allen,XPs-07,35,35,7,uZN-85,65
Chane,maZ-41,98,41,5,3Rt-16,87
Henderson,JvF-90,55,19,7,AkS-01,97
Axe,HYn-23,100,60,5,cqN-36,54
Estevan,ILp-90,25,50,7,tmR-13,92
Dominik,g5N-70,9,62,5,NBn-41,79
Graham,qm6-54,30,7,6,Vb4-16,91
Tiebout,Gmb-76,21,43,5,RDF-54,27
Kendrick,xZK-21,99,3,5,Dx4-51,95
Denys,1UB-38,29,61,4,rl9-74,73
Willis,VJ5-60,1,49,4,a4Z-56,7
Lucas,uUV-84,57,53,5,6fj-24,56
Barny,hI7-91,70,63,6,LjI-86,58
Washington,m8V-17,85,1,6,rwm-33,68
Nichols,4iD-80,65,37,6,Cj8-22,41
Phineas,qq1-05,16,100,5,Hz6-36,43
Ermin,Vqs-75,25,47,6,MeK-06,1
Whitman,qgj-10,37,6,7,Z38-51,100
Julius,sjW-51,26,66,7,nNF-84,12
Abbot,ztx-94,58,60,4,Cle-12,87
Stanleigh,JE8-09,53,78,5,TcM-84,92
Richie,GpO-36,63,41,5,ELE-73,70
Warner,BGV-57,1,15,6,HrD-92,27
Davon,MkG-88,28,34,7,cmT-31,61
Nicolas,dl5-27,96,52,6,wTf-19,44
Klemens,cdB-64,43,56,4,DGU-23,63
Adan,SU5-04,93,71,4,GLy-75,60
Hubey,yTa-90,31,20,6,e1V-09,17
Rip,V3s-93,57,10,5,Nrv-01,13
Chick,EVP-14,6,94,5,nku-71,18
Fraze,el4-37,4,59,4,RPa-49,32
Gayler,Xy4-78,23,100,5,jAd-95,75
Jeromy,bU6-41,83,14,7,E7A-69,50
Ike,u2d-82,81,90,4,N6s-92,83
Hillie,AOK-13,82,7,6,MkK-20,34
Adolphe,FMQ-20,29,75,7,S3p-87,52
Ced,vgm-75,51,89,4,9CZ-07,70
Norton,373-16,64,63,6,uTr-18,96
Iorgos,Zbu-00,54,79,7,rpd-95,25
Fitzgerald,lqI-47,63,3,5,rBX-08,73
Tiebout,KMN-30,79,42,5,4ph-94,54
Auberon,byL-06,75,44,5,qj0-13,43
Derry,CVM-00,95,9,7,o8N-09,52
Gris,Nq9-65,63,44,4,rIl-84,32
Charlton,1DZ-54,45,55,6,3eg-12,85
Vanya,TuO-83,69,38,5,vum-53,29
Doug,64Q-81,21,48,7,RBr-22,39
Isa,ZZq-88,69,10,6,Kf2-61,27
Gaultiero,cnT-34,27,21,7,eKG-74,89
Jorge,014-06,47,73,5,itv-13,65
Haleigh,oOn-66,7,24,6,KMX-11,40
Stevy,IQj-49,75,36,7,gSQ-17,56
Carl,edj-94,95,60,6,P2w-66,47
Laughton,xD8-23,8,28,7,laQ-59,91
Ebenezer,AqZ-14,28,21,6,W5E-57,84
Sid,EO2-39,53,28,4,Cj6-41,32
Mathias,Rs0-18,3,59,6,kp8-68,22
Elbert,Url-80,23,25,4,xQI-28,24
Syman,Eqf-53,99,75,7,5i9-44,44
Derwin,gpM-12,69,68,4,HQX-55,14
Josiah,bFP-92,14,89,6,mHE-05,62
Cullin,8pl-29,92,5,6,iCo-59,43
Kincaid,oIL-40,46,41,6,ssl-50,31
Ilario,Eiu-67,37,28,5,TYB-99,23
Dunc,yYw-70,26,90,7,Blc-73,70
Maynord,mv1-14,75,15,5,Mq5-87,51
Pauly,Er5-92,36,96,4,oDe-90,53
Chad,7D1-29,95,85,6,98O-01,98
Sanders,zt5-24,38,13,5,TrM-82,60
Wainwright,vG4-38,3,47,5,2Kn-02,15
Bobby,bzh-53,62,32,5,9fZ-02,53
Lennard,ibV-78,72,58,5,mqM-94,55
Vassili,gAX-27,30,33,5,sFW-96,16
Ly,VKA-01,5,32,5,iJ5-52,99
Jermaine,OdQ-58,90,75,5,PZZ-07,58
Colman,qcL-01,100,80,6,tQh-56,79
Nial,0i1-88,10,34,7,XZy-41,84
Shell,9Ew-18,54,50,6,8GD-94,38
Reinaldos,dPJ-18,80,11,7,fdu-33,85
Bengt,d1Q-07,94,19,4,G2d-40,35
Whit,2mM-46,77,4,6,psq-00,96
Selby,Pjt-33,56,73,5,O60-30,22
Michele,Kb8-45,78,31,6,hLh-31,30
Ximenez,IPb-27,33,82,7,NTD-21,82
Niall,qIP-79,43,89,7,Fbv-54,45
Ellsworth,fbu-88,16,37,5,M8w-02,14
Kendall,P3c-89,35,44,7,dvv-28,8
Jermayne,DDH-47,83,37,5,bZC-80,26
Everett,urM-74,13,87,4,xRy-62,33
Cazzie,gEM-32,36,92,6,BJH-35,39
Nathanael,vzh-16,92,58,4,8yw-98,32
Geri,KQk-38,84,85,6,7Qr-97,91
Dunstan,Gxz-35,60,48,6,Gno-66,47
Kliment,xYN-03,42,86,5,pP9-77,15
Rosco,Y5S-41,74,23,4,H3B-21,45
Teador,qTq-40,83,7,7,ngq-44,54
Fax,9t0-43,11,10,6,dQN-09,83
Jeffry,PGf-11,97,89,6,MXJ-49,67
Jared,OYX-26,76,56,7,3yh-95,51
Merv,EhI-25,68,78,5,mds-93,81
Findley,NER-63,74,10,6,2np-12,86
Olivero,pG0-76,43,63,5,SLJ-49,14
Kristoffer,tIq-49,57,49,6,VmK-69,26
Whitney,9RH-97,68,52,5,hEL-68,79
Jephthah,kVa-34,75,57,5,iGL-30,84
Bronson,rhv-99,14,40,6,ySl-24,67
Boonie,Tch-61,3,96,5,gfB-34,24
Arman,ZMQ-10,98,84,6,4jj-54,73
Marius,hGW-15,98,62,6,z2x-56,9
Vassili,uZO-04,93,8,6,j2r-76,71
Ivan,XV5-89,46,93,5,Ne5-40,2
Charles,8tr-06,68,6,5,trl-22,45
Lazaro,awA-55,3,88,7,AQQ-18,39
Pooh,vbN-68,56,12,7,gWt-75,41
Erl,txi-57,72,57,7,F7E-97,79
Aldo,Zm7-40,67,29,6,GT9-59,77
Humfrid,Iuu-84,6,91,6,KcZ-36,73
Desmund,VVQ-89,91,32,4,Fih-86,44
Gawain,z7J-10,41,64,4,CdI-77,62
Erek,mlL-48,24,58,4,G6H-13,78
Noby,867-54,32,89,4,nwM-34,83
Angel,LgE-86,99,39,7,JsI-86,2
Ingemar,Hd3-09,31,93,5,oaU-54,40
Craig,ptf-08,41,27,7,ZQ1-38,23
Angelico,OEY-28,32,2,4,CXG-63,41
Thedric,TXY-05,69,100,4,nuA-80,92
Aldrich,Z9z-70,90,62,4,SIl-35,100
Alejandro,AcE-83,92,100,5,WPO-47,14
Nigel,uoV-20,100,71,6,6xy-88,33
Fonz,XYc-76,54,96,6,esg-46,99
Cord,Scw-34,100,26,6,9C4-41,7
Reg,ECl-17,78,8,7,1ny-68,53
Wallas,pqH-18,87,10,5,hOs-96,52
Corbin,jr8-01,79,79,5,0h5-19,73
Amory,6Pd-66,96,68,7,fI7-98,81
Clayton,WlH-59,91,60,5,gWW-47,49
Hunfredo,3qX-90,88,45,4,el2-54,28
Buiron,8dI-67,30,18,4,Qux-00,55
Max,rNm-17,50,60,6,V2F-20,58
Moises,32M-05,31,92,7,irH-86,22
Wilmar,aTO-75,6,11,4,bZw-82,65
Dev,Yxu-01,66,94,7,6F8-43,58
Dewain,GLs-34,57,99,5,3tM-30,88
Antoine,HsO-30,50,69,7,mB2-76,5
Averill,ahf-10,55,29,7,0Ji-55,18
Dietrich,ol6-72,44,23,4,H7C-26,7
Gawen,JnN-14,34,93,7,dqz-98,93
Uriah,1l4-21,73,43,4,bvP-96,75
Devin,wLc-16,53,55,7,lnl-75,16
Willis,etO-81,67,67,4,YI0-56,69
Oliviero,WoM-18,1,34,7,dJh-71,15
Etan,i8A-16,84,30,4,8BX-40,43
Val,cmM-67,82,53,6,ts9-19,27
Keven,8j9-11,59,23,6,qr7-86,14
Somerset,YrV-38,73,36,7,v1w-86,59
Ward,D5S-46,14,78,7,eLq-37,27
Enos,tcM-57,40,90,5,jDG-83,23
Dino,8B7-50,6,3,6,Zve-82,3
Rustin,MZf-49,3,7,7,SJL-87,24
Nolly,OvL-75,10,36,6,fFj-56,23
Dar,U3x-55,21,64,6,Ujp-09,32
Homer,E0u-16,38,84,6,aku-57,15
Niko,tKv-45,63,60,4,JUj-47,72
Allyn,ueP-77,62,45,5,7c7-36,98
Barnaby,dax-72,3,43,5,A65-75,19
Pete,KNq-76,21,51,6,CEt-16,52
Artemus,rJ4-41,41,68,7,OJG-44,65
Rand,otS-83,67,25,7,SUd-44,50
Marsh,6N3-78,52,46,7,0m2-47,15
Lalo,OIl-73,24,38,6,kLU-03,75
Odell,Qsl-03,85,57,5,x8R-35,78
Elmo,40a-05,10,41,6,9O4-42,86
Cristian,AXD-62,89,4,7,cPL-10,66
Worden,OBs-41,93,80,4,vsA-35,43
Brent,6Sw-86,11,45,6,0Ex-96,7
Horace,1Bv-08,31,48,7,AlR-15,73
Ashlin,wWC-07,82,100,7,RnK-34,38
Timoteo,LbH-16,99,82,4,43U-51,78
Wernher,1TX-73,19,23,6,6eM-29,62
Clemente,d4y-48,71,48,5,JJb-07,16
Colby,SWM-58,77,44,6,kV8-57,83
Layton,ILC-63,16,54,5,XKj-01,7
Donovan,xzY-46,81,62,4,FCM-00,97
Merwyn,yL8-95,97,11,4,q7U-48,71
Fons,zRu-07,9,35,6,P1t-81,97
Ricoriki,Yaf-83,100,61,5,7Ki-70,57
Clifford,Ddu-57,73,71,5,Mnv-56,12
Johnnie,vWW-74,18,56,6,Dtx-03,20
Neville,KfF-47,41,84,7,yap-16,65
Pate,rQu-85,62,31,4,UIq-96,57
Berke,cYL-86,91,37,4,cxO-67,1
Cob,P8I-55,100,66,5,Wrf-11,86
Glen,PVa-15,77,55,7,rFj-02,6
Neils,Z0D-91,79,36,6,SGd-70,69
Claudio,UGc-92,20,82,4,M47-66,60
Parrnell,v4g-39,82,100,5,xiy-66,98
Lancelot,Ylx-21,62,78,5,oES-66,64
Redd,laT-28,52,84,7,HNo-70,50
Hasheem,SYs-27,44,23,5,m8K-62,77
Heindrick,naZ-46,84,15,5,Dlv-79,8
Maximilianus,r4W-01,90,76,6,i4J-11,96
Reinhold,B6J-83,52,99,5,xGU-58,86
Tedd,PeQ-43,89,19,4,CXY-20,25
Aldric,PPG-59,25,23,5,XjK-43,82
Stern,40Q-74,84,88,7,M6w-47,95
Bronson,Z6z-33,5,67,7,7N9-54,28
Dante,KFj-64,10,4,4,LX2-19,95
Barnabas,U4K-76,64,41,6,hcJ-90,51
Shem,3eo-32,38,78,5,0vq-44,99
Aluino,7BR-47,23,25,6,Ilc-67,74
Dugald,yyj-62,28,87,5,fEG-82,21
Jessey,3bm-00,70,45,4,3du-63,6
Ignaz,8On-88,92,81,6,1rx-11,73
Gannon,3SA-60,82,40,4,Jll-09,36
Quintin,cDC-65,31,2,7,Ov9-28,26
Osbourn,khd-27,37,29,5,PyQ-84,6
Mord,xNk-41,43,73,6,oR3-68,48
Noe,Jfn-35,25,43,4,R6L-03,50
Bentley,fuI-11,81,10,4,1di-94,16
Armando,AgS-55,26,2,5,YRo-81,9
Isidore,pKT-59,51,48,7,aK7-08,5
Jule,QVP-97,29,26,6,b2A-00,34
Hastie,vqX-16,67,50,6,tWB-44,84
King,PmZ-46,9,76,4,2LY-38,29
Michele,gO5-20,21,60,5,VuW-47,89
Tally,Xvw-63,83,86,7,4Di-39,21
Finlay,FKe-64,92,29,5,6az-17,38
Mathew,Cua-89,43,77,4,huV-31,79
Jeno,Hy0-36,14,7,4,gGt-40,61
Silvain,2Mr-31,14,2,5,VGr-58,54
Hillie,AJq-82,72,92,7,Vsk-75,36
Norbert,lFP-96,2,14,7,eGe-02,65
Saunders,ULk-58,6,26,4,HcL-00,95
Barnebas,3WK-75,45,53,5,EOD-63,74
Harrison,qCS-01,15,69,5,ppC-36,24
Allie,R6G-69,59,36,5,2L3-05,76
Gregoor,Wlo-71,2,98,4,YV1-02,98
Hillard,yfS-49,34,39,6,YFx-72,10
Dwayne,wcg-59,62,16,6,g53-32,56
Tanner,OiR-30,87,24,4,33h-29,98
Gerald,45h-43,48,41,4,zZm-30,15
Rutherford,5Z6-15,80,91,4,1Yd-74,68
Immanuel,8zJ-54,91,83,7,lvE-92,91
Ulberto,7pX-42,11,93,4,lzB-74,3
Armin,jU7-83,57,98,6,9vK-53,5
Fletcher,vWF-13,33,98,7,xDw-09,69
Swen,LUN-73,48,89,5,IKS-76,30
Wainwright,HZZ-89,91,42,6,w1i-64,72
Arty,FEw-58,71,54,5,Klh-40,96
Bendix,sJv-93,49,5,5,Fwi-66,97
Freedman,GII-19,98,90,6,x72-20,66
Ray,5kE-04,56,56,4,iyF-13,67
Rolph,TOR-27,52,24,7,PZo-22,59
Lloyd,48T-27,97,36,6,rLP-51,84
Delmer,6nH-51,50,42,5,SPW-68,87
Dermot,qUO-12,56,65,7,Gxx-94,51
Bond,WSP-05,62,91,4,EXB-92,60
Cart,rCZ-58,2,52,6,GQm-06,18
Colas,3df-85,37,35,5,EkG-77,99
Enrico,1wL-37,82,40,6,mgz-94,20
Wiatt,N17-19,2,54,6,m9Z-29,48
Rod,Ixp-87,53,24,6,X63-66,54
Nevin,HS6-85,74,24,4,yv5-12,34
Sid,D8q-32,5,32,5,A3C-32,86
Sandro,iIK-12,53,22,5,jXa-77,89
Torrance,LMt-03,13,45,7,eTK-36,68
Ezekiel,myX-39,51,29,6,Stp-07,11
Heall,fbQ-50,20,20,4,rCd-26,14
Al,tnn-37,10,81,6,9NB-03,26
Rutledge,3nu-39,98,39,4,z5k-80,12
Robers,t60-76,35,12,7,Ac7-59,88
Mead,rhi-37,17,38,4,67d-33,76
Farlee,08n-86,63,19,5,up2-58,57
Pedro,xHk-58,14,72,5,d88-64,7
Kingsley,u10-03,56,39,6,EFi-32,47
Jarred,eFQ-67,63,67,5,8Ow-33,72
Nikolaos,Diz-57,76,52,4,GSX-25,23
Leroy,bdb-05,29,79,7,qsM-55,1
Ray,2GO-40,36,31,4,avq-41,12
Angel,AFp-53,77,28,7,8XC-91,52
Fabien,h0R-48,49,84,7,xUD-02,56
Goran,1OL-34,55,50,4,SH4-00,9
Alwin,iU0-13,77,77,5,g3z-97,16
Powell,Fc2-56,18,63,5,LTM-61,16
Oberon,vi3-65,37,26,4,QJ9-99,89
Kippie,zbA-27,40,53,6,net-89,29
Marijn,0cD-74,6,12,6,3Mi-36,91
Terri,pOS-25,11,63,7,ddF-69,74
Zebedee,yXc-68,40,80,5,d6z-47,88
Aksel,aci-88,53,1,7,xXh-01,7
Evyn,ThH-44,27,80,4,flR-20,80
Ely,Znu-62,59,65,7,FEw-90,83
Stavro,FY6-89,47,62,6,buu-23,2
Bearnard,K5x-84,52,70,4,WXe-91,42
Merrick,wan-16,43,96,4,LN9-59,28
Ives,Pdt-76,83,49,4,1Kz-46,52
Ado,Phx-60,93,74,5,84P-30,53
Alexandros,Pz9-82,55,90,7,iYI-06,31
Alfons,2pw-51,47,85,5,fiY-87,92
Cliff,nw5-93,29,83,5,116-29,53
Spenser,YNa-94,34,47,4,oDz-82,67
Filberto,Mk3-14,62,70,4,GDJ-02,81
Brocky,c6Q-58,58,73,5,SOE-63,74
Obed,Eul-54,70,34,5,OhA-76,63
Richmond,1WS-76,29,85,7,v7A-71,50
Westbrooke,xB2-73,74,83,6,RKr-24,31
Darrin,BHF-70,77,10,6,cYB-27,93
Tull,Q4y-48,78,16,4,meU-36,74
Manfred,33k-55,32,22,7,h6v-57,70
Rock,RTa-17,88,62,4,ESb-02,85
Darcy,275-30,12,85,5,TCe-48,46
Winthrop,axC-42,64,98,5,XVQ-48,57
Stinky,fIL-34,23,45,4,SJb-99,88
Bobby,4ZJ-66,58,74,5,XvQ-61,17
Stanley,3TG-83,57,33,7,cCe-27,53
Vanya,Kls-49,59,51,6,WiJ-44,4
Levi,vQw-02,79,2,4,93i-39,84
Sherwynd,Lo3-22,43,20,7,Mje-67,86
Isidore,zqa-61,28,11,6,QRS-10,67
Alford,wsp-84,37,68,6,YXW-32,37
Cris,RfP-54,23,61,7,6sc-23,92
Neel,J1M-96,63,90,7,AQO-55,68
Fax,WnN-33,43,29,7,3jx-99,39
Mose,Tuq-22,67,37,7,n7y-88,19
Zared,Ntp-70,3,50,7,mgP-14,66
Ker,Mx7-22,27,30,4,YmG-76,14
Benjamin,odw-66,85,30,7,rWC-25,86
Torry,KfO-27,38,39,5,DNb-40,67
Rafaellle,SsH-62,70,89,4,w1a-70,84
Tedmund,w8X-53,30,89,4,q5f-13,69
Raddie,vfM-10,20,8,6,Upc-22,79
Hobie,qdJ-87,7,34,7,DBS-30,9
Gerek,0K4-57,51,27,7,jMr-27,70
Hayden,gfA-53,21,92,6,Psc-53,86
Sylvan,ffz-15,32,13,7,Fdb-10,93
Laughton,pB7-87,90,50,5,bkv-69,47
Jaimie,M7c-61,72,31,4,EkF-99,8
Demetri,88T-22,35,32,7,lgf-30,24
Raimund,bjl-04,100,26,4,Rc6-96,77
Wiatt,lxC-87,33,98,4,WbG-43,16
Murry,nDe-29,1,79,4,110-75,22
Paxon,LSu-75,75,38,6,8J6-02,73
Patrizio,6gP-21,71,27,4,0qt-79,22
Bartolomeo,7eF-44,16,50,5,y86-58,78
Marcus,bh7-14,90,45,5,gBN-13,3
Lanie,nv2-26,64,10,7,sIX-74,14
Paul,yhw-44,26,97,6,eUI-52,86
Aland,AqK-87,48,7,6,GOT-45,3
Fonsie,kSY-37,77,76,6,Yys-88,77
Giffie,0Tt-50,79,16,5,P84-37,33
Dalton,suW-82,7,23,4,mjt-32,55
Rickie,Ckf-36,58,28,4,dBP-78,64
Alford,iON-97,92,89,5,qH6-39,86
Silvio,ews-80,29,53,5,Rbj-39,57
Bear,O6Y-75,22,41,6,6q7-32,24
Travers,JOd-53,5,97,6,Os1-72,40
Basilio,syX-69,63,75,6,VPQ-94,14
Arvy,ekf-83,9,48,7,LZo-96,26
Bord,l5G-94,51,31,4,ySF-23,69
Zerk,ieo-64,39,85,7,SPJ-66,23
Davide,B8x-30,22,28,6,1zA-66,38
Frederik,R1F-87,57,85,5,DsY-60,13
Raphael,qkZ-77,61,8,6,VvK-48,72
Curry,XBz-84,84,79,7,K6y-40,21
Ambrose,tVP-48,27,88,7,Nse-85,3
Linus,mLY-18,92,23,6,wZS-49,1
Elston,IFC-17,78,36,7,955-06,49
Barnebas,45p-33,17,96,7,J9T-01,28
Gil,XWU-72,75,95,7,QTq-91,52
Abelard,u1F-51,60,22,5,RVn-14,31
Benson,34R-93,39,95,5,9wc-33,74
Nico,9mJ-03,31,85,5,P9W-61,96
Vaughan,iFq-07,51,62,7,DMn-34,93
Bondy,58O-43,81,43,5,lOo-84,41
Otho,vTK-06,2,4,7,hp8-22,24
Foss,QFN-12,82,78,5,Sdr-87,8
Mal,aFl-12,39,55,5,lEA-90,82
Nefen,dkh-81,96,55,6,Dz7-37,63
Stillmann,ax7-59,72,63,4,08P-47,8
Herman,c5h-78,10,77,7,XDK-88,34
Bryn,ZGl-54,90,94,6,LeC-02,82
Kip,jyB-74,47,20,7,SEr-43,54
Kelsey,937-37,41,29,7,CWL-21,59
Ozzie,P6G-04,22,77,6,8ZR-44,97
Ricoriki,zDw-54,3,91,5,rxb-36,27
Meredeth,eYt-98,52,34,5,xd1-76,66
Aksel,q3a-93,73,44,5,g6R-90,17
Gallard,vF9-57,37,74,5,mqZ-11,15
Salvador,LTL-70,48,3,6,ciz-16,11
Giffard,eGF-66,60,23,6,uO6-63,96
Ogdan,eVt-91,51,41,6,xmN-87,32
Hilary,LhG-26,41,57,7,7k4-82,33
Prince,1LO-65,87,66,4,Kz9-71,37
Jordan,RcJ-45,37,45,5,6hS-06,13
Sig,17T-30,23,81,7,TeV-08,53
Christos,2l0-13,74,12,6,QTs-14,10
Reggie,mQE-55,1,73,4,B8E-34,94
Traver,7sN-66,50,56,4,6AY-57,17
Niki,Eij-53,32,32,6,lEz-61,53
Lion,S0U-07,16,50,7,6ra-06,32
Frazier,YrG-89,17,88,5,nK5-37,28
Guilbert,vua-65,55,34,5,qXN-80,97
Griz,DuW-51,26,36,5,Cgr-33,59
Kearney,30s-65,25,85,7,Npq-36,21
Hercules,g4s-72,1,67,4,WgK-14,2
Alexandro,G4T-86,77,54,7,rZU-90,57
Keven,H3z-86,51,22,5,6Jv-12,6
Ad,vrY-45,37,27,5,qaf-40,25
Mel,EJP-79,75,46,6,nxF-88,38
Lars,3N1-90,78,80,5,L9K-29,75
Neville,7X4-13,55,89,7,Rrn-05,5
Clare,8L2-24,82,91,5,cJI-87,51
Abby,wlW-83,69,39,4,k1F-34,100
Parrnell,TR1-18,9,48,4,pDR-18,83
Meade,1JZ-10,5,38,5,dZI-30,70
Shannan,QWX-67,65,40,4,jrV-00,57
Marco,PJD-74,98,59,6,YQH-02,46
Ted,iy4-11,64,52,7,LWm-24,29
Renaldo,TmA-21,19,67,7,tRT-03,22
Ramsey,vdu-38,75,77,4,kvH-53,85
Paige,ilu-70,8,9,7,4nt-36,91
Saxon,H0h-67,65,34,5,3jk-49,97
Barret,20V-27,43,68,7,Ymn-51,8
Sigfrid,bpx-62,51,2,6,VVg-28,53
Adler,sCq-51,27,66,4,waU-45,100
Tod,ZuE-02,69,78,4,itQ-50,75
Garrick,JRl-49,54,54,6,Rno-91,72
Quill,iwE-72,33,43,5,1EH-88,8
Lucias,DJ3-44,36,64,7,knf-90,4
Gibby,lCa-36,18,20,5,Gj5-28,80
Salomo,KDa-75,80,20,7,rfm-99,69
Alaster,VNk-87,11,47,6,1yH-88,99
Boote,pz1-42,84,19,5,wk6-38,56
Sloane,Lub-33,81,71,7,a7w-98,29
Barrie,dIv-89,26,9,7,c1F-90,77
Merle,PXW-79,29,94,6,XTP-77,45
Bear,PCr-45,55,86,6,WIZ-33,70
Tymothy,oWJ-10,56,64,5,PQd-71,76
Jodie,RMa-49,9,85,5,eeE-72,18
Gregory,f0e-58,82,46,5,KuB-41,70
Haze,TFr-78,69,97,4,tPI-69,92
Kristoforo,W9z-36,61,64,4,0PR-43,84
Loydie,e6w-38,2,16,4,LWN-84,3
Ozzy,8XO-65,14,96,6,oHC-25,11
Maurice,lPa-51,97,76,7,npg-99,36
Ted,Keb-19,46,58,4,KoM-01,65
Evelin,62e-21,75,74,6,AKN-75,52
Zebulen,Hlp-46,80,49,4,8uu-07,33
Hort,4n2-47,15,96,4,7s2-53,31
Adham,MII-98,40,51,5,DGV-94,59
Thedric,Du4-16,76,89,4,qzd-86,59
Francesco,n5Y-99,37,43,5,x8r-08,18
Chan,eam-19,3,100,7,0w0-59,8
Benson,Wnu-49,86,38,7,Imc-22,77
Bartlet,Zwv-03,96,15,7,5Ai-51,22
Corbet,tGZ-61,32,97,5,WZh-42,97
Town,wfC-77,82,48,4,B6S-92,66
Ebeneser,x0T-46,27,69,7,7fJ-32,83
Francesco,jJw-25,78,30,5,Asd-19,97
Hi,q8X-87,41,36,7,MFJ-68,11
Lyle,do3-86,49,12,7,qNB-05,74
Ewen,lmr-52,30,32,6,p4p-32,9
Igor,CqN-42,40,64,7,TbP-31,64
Samuele,7Lr-57,59,46,7,rm9-76,15
Ferrell,rso-53,82,47,4,lIg-78,100
Balduin,ZLu-49,91,71,7,XGT-02,11
Gabi,khA-02,83,1,4,ssp-97,45
Arley,btV-80,48,97,5,wMw-55,94
Magnum,bPd-03,21,23,5,4bJ-14,14
Ricardo,Ayc-83,91,18,5,LGd-38,78
Emanuele,Bnv-21,43,19,5,jDH-74,73
Lem,0TH-31,39,49,6,PqA-07,14
Efrem,S8b-42,99,1,7,pRw-59,17
Dunn,d7o-97,97,34,4,GM8-86,50
Barry,Dlm-51,44,49,6,2pR-64,6
Birch,mB9-03,94,91,5,O8K-75,58
Sterne,une-51,23,55,7,d42-25,48
Lanie,Hvr-32,70,90,4,ryy-42,61
Emmy,Svc-58,48,28,7,fty-80,55
Rodd,QS3-00,76,10,7,VAX-04,23
Wendel,TR7-49,96,87,5,jrU-00,94
Albie,acY-41,94,48,5,jAa-19,15
Conway,682-90,22,95,5,6Um-66,13
Earvin,6gC-15,37,76,4,FXP-19,2
Joseito,QcN-48,90,60,7,J0K-67,5
Hashim,o0q-61,6,55,5,NLw-87,75
Tam,l2z-64,79,97,4,Ke0-99,98
Benedict,ErJ-80,78,98,6,QG0-26,45
Berkley,tjX-67,11,29,5,wdc-36,82
Milty,fxT-05,16,43,6,xhH-76,31
Rutger,vmZ-24,15,63,4,bxY-91,50
Jonathon,mT6-40,68,59,6,4GE-17,70
Reade,0oM-30,6,59,7,QAm-88,76
Brendon,Tok-86,45,36,5,zGC-41,100
Buck,uZB-00,28,18,5,4fB-02,11
Jonah,NjR-53,54,28,6,9FR-32,46
Stanislas,RvI-22,36,40,5,KcW-39,37
Huntley,n0C-54,69,15,7,rhj-98,95
Ellerey,lcl-30,6,12,7,p2q-29,33
Saundra,92q-39,4,76,7,HEz-18,59
Renard,YiB-42,100,68,6,awj-04,8
Lenard,XdA-59,61,4,6,12p-68,98
Tremaine,xBV-15,36,87,5,jrg-73,14
Wilbur,aKU-05,37,60,5,Qwc-24,41
Garald,4Pl-73,47,44,6,LMY-76,19
Chic,eyX-26,10,24,6,dKC-63,82
Barclay,qtk-75,57,87,6,hrB-01,24
Emelen,nUn-11,76,80,7,QiK-40,7
Karlis,D3O-72,16,27,5,Ahg-62,6
Hercules,WOw-64,21,47,5,6hD-75,2
Reube,13r-24,9,57,7,GoZ-18,16
Merrel,YBn-79,28,98,7,0iL-65,8
Barnabas,gUy-18,31,12,4,4qm-90,57
Cord,goj-31,23,6,5,AqT-34,25
Sloan,VAr-92,67,88,4,AaJ-10,95
Lem,MlB-43,93,65,4,mlr-10,53
Mac,wGH-71,96,12,5,LZ4-65,3
Jamison,xXJ-24,75,42,7,AV7-14,1
Bryanty,1vW-55,36,37,5,GI8-87,86
Julian,x1a-07,65,44,4,EPt-32,66
Abie,5CC-45,87,51,6,LVC-34,75
Standford,LNT-83,85,42,4,Qzr-68,26
Cullan,8mt-03,45,93,6,7Jv-29,24
Hazel,Qji-37,85,61,4,4a0-37,13
Iorgos,4jp-18,49,1,7,pGX-23,43
Terry,ZZM-33,22,71,6,HBH-70,80
Shadow,vGu-79,46,90,4,N9k-72,38
Wainwright,vxl-33,79,7,6,Yh3-98,37
Colman,Utp-26,18,71,4,z71-03,5
Vaughn,CS0-60,20,65,6,6n9-89,1
Tallie,b8M-18,7,55,7,gQA-76,4
Monte,qkJ-74,63,70,4,6sB-04,20
Aland,Rjo-76,49,97,5,N0T-50,93
Darn,emC-91,80,56,4,mQB-82,7
Ephrem,nbg-28,23,28,5,tKn-36,27
Harbert,66D-24,19,28,5,d28-98,74
Randolph,MDQ-88,77,39,4,kEe-75,41
Vasilis,70E-76,71,71,7,YYA-66,59
Shepard,JUy-85,97,53,6,A6c-45,56
Norbert,Ejn-45,16,54,5,je7-15,15
Andreas,9az-48,50,3,5,wsU-70,25
Akim,COL-26,30,14,4,7yr-92,54
Mattie,bcf-29,34,37,5,45W-20,96
Stevie,owM-77,8,66,5,hVO-61,51
Parsifal,5DZ-64,83,31,4,8EM-01,57
Merill,lRL-59,84,61,5,Nbl-73,80
Linoel,TX3-95,11,59,4,Kyb-11,92
Milt,Hou-15,81,82,7,gEn-93,99
Tudor,6by-59,16,25,4,J9j-06,95
Giovanni,S09-02,32,43,5,vhW-36,27
Granger,q0M-01,41,66,7,W4B-74,14
Hilary,G1J-18,97,90,6,jJB-16,1
Maurise,ekd-32,21,68,7,Oc8-91,57
Jerad,9h7-05,53,89,6,xiR-66,31
Guss,rvK-79,84,94,4,4ak-85,9
Renato,LGW-65,67,3,6,jK7-95,67
Wakefield,FUt-62,80,49,5,bIe-77,4
Linus,qDo-63,43,39,6,SDt-06,38
Raffarty,BPN-61,58,18,5,FU7-04,84
Oliver,Uv1-88,37,50,5,CUq-96,8
Barnaby,LbI-92,17,19,5,OXM-96,13
Stafford,pDl-02,39,57,5,Gpt-92,50
Robin,mDu-43,96,16,4,R1w-42,74
Alanson,ROR-52,60,35,7,uOO-11,8
Robin,joi-10,72,96,4,VDX-92,79
Rickey,fQ0-21,9,48,4,Md1-37,54
Fidole,WWW-72,30,26,6,wS7-48,58
Haze,VKx-42,68,99,5,G6F-24,54
Weber,fvT-38,36,80,5,KxM-95,77
Horace,U37-92,1,20,6,7i4-75,50
Arley,Smv-12,36,8,6,Y42-35,69
Cort,q6W-53,35,88,5,OIb-54,72
Ruddy,XWA-49,45,74,6,NyO-53,9
Niccolo,Xbi-57,37,77,7,pYE-44,61
Ezekiel,aut-09,22,60,7,kMr-92,89
Hewie,oB1-46,54,40,7,VC9-05,71
Kliment,UIt-77,67,25,5,mNf-30,39
Jermain,bXp-89,81,76,5,MLH-22,38
Abie,P6R-03,32,5,6,7bD-57,8
Mario,ErR-59,33,59,6,46P-89,87
Heinrik,kAQ-97,15,82,7,Jy9-11,55
Frans,9pz-28,84,49,4,K9G-05,33
Tobiah,4ci-58,22,29,6,AMM-60,60
Gardiner,RiT-12,53,2,7,vLy-50,5
Efrem,3q5-88,34,59,4,P8G-81,15
Frederic,l8m-61,96,25,7,Fc2-49,14
Mario,5jW-15,24,6,5,crL-19,41
Fielding,3Dl-66,45,98,4,TQE-59,65
Whitman,ULM-63,88,66,4,n04-24,65
Yorker,yyz-61,44,59,7,cms-71,14
Birch,J1O-47,5,72,6,04p-44,71
Pinchas,4eH-04,71,2,6,3rC-83,15
Theodore,Z0P-20,31,50,4,uWs-50,91
Renault,eTr-09,12,3,5,Gi3-76,57
Nikolaos,Sn5-48,89,6,5,0hr-49,19
Daren,Of4-28,34,45,4,Na0-25,20
Colver,kfe-23,90,39,7,bES-52,46
Jeremy,pNR-71,34,24,6,S4V-41,86
Gordy,0mw-92,42,34,6,Ssy-22,13
Filberte,x5U-74,95,98,5,V2I-28,64
Skipper,tX6-19,41,46,6,e1e-18,92
Haywood,0fG-36,22,80,7,Qwh-99,20
Chaim,Rop-27,20,18,6,hRQ-18,84
Sylvan,cTH-34,6,70,7,S1u-42,7
Tommie,w1D-41,99,71,6,4SS-59,41
Sigismondo,h3W-12,2,15,5,uDk-14,64
Rowan,tEN-00,21,97,4,kxN-29,96
Iver,czX-08,32,60,5,Esr-95,95
Gordon,D4G-59,9,68,7,AtJ-15,89
Esra,Z4A-49,94,3,4,FyD-12,84
Iggie,IHC-05,5,68,7,sdi-38,100
Othello,kQC-47,49,2,5,j5I-06,83
Nicolis,VFi-04,89,83,6,vMA-11,25
Ado,EAq-33,21,67,7,mHZ-04,86
Lindsay,7XF-58,57,5,6,VO7-12,25
Culver,4QV-57,37,49,5,ftt-67,51
Bartolemo,nG0-08,7,86,7,TIr-60,89
Dillie,Qzx-86,20,61,4,dCp-82,23
Oswell,G7C-26,93,29,4,WgQ-40,28
Yurik,WgC-47,90,51,5,55B-61,92
Roderich,w6b-11,80,99,7,D2c-44,1
Rod,DAF-11,60,58,6,sye-24,78
Lyon,FX7-75,69,75,6,4W3-92,83
Gilberto,JGU-38,13,6,6,Agk-60,100
Costa,lnM-56,82,6,6,3Rt-97,7
Yuri,87t-14,41,76,7,7O6-91,5
Sergei,nXn-15,23,34,6,OuK-02,37
Natale,1Hu-22,4,92,5,tS0-58,76
Cirstoforo,JLl-18,37,37,5,RJZ-87,91
Justino,8h1-67,62,78,4,ItE-29,39
Stanton,Uhd-60,29,8,6,4p2-99,52
Jessie,xXL-33,94,88,4,ESN-11,56
Lukas,90G-09,40,34,4,GLn-27,69
Frederico,L9u-03,60,6,7,n35-19,40
Levon,7hQ-95,3,3,4,nQJ-12,70
Ingrim,eT4-49,56,76,4,FWX-91,75
Arturo,44J-48,4,31,4,qbV-03,7
Alejandro,Itg-13,55,43,4,eMj-40,93
Griz,Gln-06,65,19,4,7D4-01,18
Sigismond,mZe-27,39,13,6,4Vq-17,19
David,rGJ-62,27,93,7,8l7-32,18
Arturo,PHg-26,4,43,7,z8H-03,21
Nealson,X5V-23,94,67,6,RLR-83,7
Nicolas,BsE-67,1,91,7,Rkq-76,2
Corrie,P6s-15,28,49,4,wSt-03,97
Woodrow,e6W-17,62,77,7,htG-35,70
Oswald,EHt-72,98,93,6,wLO-88,36
Barrie,9Gf-92,46,49,6,lSY-15,91
Darrell,x9o-34,52,16,6,50G-24,4
Adrien,LPL-59,15,89,7,gQF-93,5
Alexio,PQd-58,24,7,7,MNn-23,48
Teodoro,mgc-57,28,1,6,HyQ-66,86
Ancell,BxS-69,68,98,6,YbU-93,68
Gordy,w8J-26,73,49,4,9SZ-63,88
Leonard,vye-03,33,28,7,FEG-46,76
Aldo,cJD-37,92,68,6,iKm-20,79
Friedrick,iTe-04,18,91,5,Z6g-11,66
Nicolai,vCH-06,64,81,4,spv-02,74
Nev,v29-38,35,43,5,bis-27,87
Ambrosi,UGJ-37,91,17,7,IOo-94,40
Wallace,Uyk-44,74,57,5,OZ5-46,27
Torrence,Boc-31,80,34,5,pjH-40,84
Trent,epS-79,68,74,4,kLd-30,94
Lisle,Qma-03,71,8,6,MQA-17,48
Michal,pQq-12,80,43,6,uaQ-67,92
Nealon,afE-61,29,79,7,n2V-46,48
Vic,mPE-21,67,47,7,VcD-19,57
Trev,LhR-39,73,56,4,DwY-80,55
Douglas,kQ0-29,75,61,4,i86-67,62
